{
  "POST /cars/rent/XYZ789" : {
    "transaction" : "POST /cars/rent/XYZ789",
    "sampleCount" : 51,
    "errorCount" : 0,
    "errorPct" : 0.0,
    "meanResTime" : 9.784313725490197,
    "medianResTime" : 2.0,
    "minResTime" : 1.0,
    "maxResTime" : 32.0,
    "pct1ResTime" : 28.800000000000004,
    "pct2ResTime" : 31.0,
    "pct3ResTime" : 32.0,
    "throughput" : 2.6464635981526645,
    "receivedKBytesPerSec" : 0.4574453680400602,
    "sentKBytesPerSec" : 0.4755364277930569
  },
  "GET /cars" : {
    "transaction" : "GET /cars",
    "sampleCount" : 500,
    "errorCount" : 0,
    "errorPct" : 0.0,
    "meanResTime" : 6.904000000000011,
    "medianResTime" : 1.0,
    "minResTime" : 0.0,
    "maxResTime" : 107.0,
    "pct1ResTime" : 27.0,
    "pct2ResTime" : 30.0,
    "pct3ResTime" : 44.940000000000055,
    "throughput" : 16.97677577074562,
    "receivedKBytesPerSec" : 2.8847255704196657,
    "sentKBytesPerSec" : 2.9841988659513783
  },
  "POST /cars/rent/ABC123" : {
    "transaction" : "POST /cars/rent/ABC123",
    "sampleCount" : 47,
    "errorCount" : 0,
    "errorPct" : 0.0,
    "meanResTime" : 13.042553191489363,
    "medianResTime" : 2.0,
    "minResTime" : 1.0,
    "maxResTime" : 59.0,
    "pct1ResTime" : 32.80000000000001,
    "pct2ResTime" : 55.99999999999997,
    "pct3ResTime" : 59.0,
    "throughput" : 2.4558470059567354,
    "receivedKBytesPerSec" : 0.42449699224056847,
    "sentKBytesPerSec" : 0.4412850088828508
  },
  "POST /cars/return/XYZ789" : {
    "transaction" : "POST /cars/return/XYZ789",
    "sampleCount" : 29,
    "errorCount" : 0,
    "errorPct" : 0.0,
    "meanResTime" : 10.517241379310345,
    "medianResTime" : 2.0,
    "minResTime" : 1.0,
    "maxResTime" : 36.0,
    "pct1ResTime" : 29.0,
    "pct2ResTime" : 33.0,
    "pct3ResTime" : 36.0,
    "throughput" : 2.071724532076011,
    "receivedKBytesPerSec" : 0.244803387091013,
    "sentKBytesPerSec" : 0.37630933883411916
  },
  "POST /cars/return/ABC123" : {
    "transaction" : "POST /cars/return/ABC123",
    "sampleCount" : 33,
    "errorCount" : 0,
    "errorPct" : 0.0,
    "meanResTime" : 13.90909090909091,
    "medianResTime" : 2.0,
    "minResTime" : 1.0,
    "maxResTime" : 106.0,
    "pct1ResTime" : 35.6,
    "pct2ResTime" : 61.19999999999982,
    "pct3ResTime" : 106.0,
    "throughput" : 2.306079664570231,
    "receivedKBytesPerSec" : 0.27249574161425577,
    "sentKBytesPerSec" : 0.41887775157232704
  },
  "POST /cars/rent/DEF456" : {
    "transaction" : "POST /cars/rent/DEF456",
    "sampleCount" : 52,
    "errorCount" : 0,
    "errorPct" : 0.0,
    "meanResTime" : 12.000000000000004,
    "medianResTime" : 2.0,
    "minResTime" : 1.0,
    "maxResTime" : 107.0,
    "pct1ResTime" : 30.700000000000003,
    "pct2ResTime" : 37.04999999999998,
    "pct3ResTime" : 107.0,
    "throughput" : 2.68220972816836,
    "receivedKBytesPerSec" : 0.46362414246660133,
    "sentKBytesPerSec" : 0.48195956053025224
  },
  "Total" : {
    "transaction" : "Total",
    "sampleCount" : 740,
    "errorCount" : 0,
    "errorPct" : 0.0,
    "meanResTime" : 8.43918918918919,
    "medianResTime" : 1.0,
    "minResTime" : 0.0,
    "maxResTime" : 107.0,
    "pct1ResTime" : 28.0,
    "pct2ResTime" : 31.0,
    "pct3ResTime" : 52.59000000000003,
    "throughput" : 25.12562814070352,
    "receivedKBytesPerSec" : 4.126152298655439,
    "sentKBytesPerSec" : 4.454414173910091
  },
  "POST /cars/return/DEF456" : {
    "transaction" : "POST /cars/return/DEF456",
    "sampleCount" : 28,
    "errorCount" : 0,
    "errorPct" : 0.0,
    "meanResTime" : 10.464285714285715,
    "medianResTime" : 2.0,
    "minResTime" : 1.0,
    "maxResTime" : 52.0,
    "pct1ResTime" : 29.1,
    "pct2ResTime" : 42.09999999999994,
    "pct3ResTime" : 52.0,
    "throughput" : 1.9726645061293504,
    "receivedKBytesPerSec" : 0.23309805199380018,
    "sentKBytesPerSec" : 0.3583160138086515
  }
}